/*
SQLyog Community v12.3.3 (64 bit)
MySQL - 10.1.22-MariaDB : Database - aqeela_tugas_akhir
*********************************************************************
*/

/*!40101 SET NAMES utf8 */;

/*!40101 SET SQL_MODE=''*/;

/*!40014 SET @OLD_UNIQUE_CHECKS=@@UNIQUE_CHECKS, UNIQUE_CHECKS=0 */;
/*!40014 SET @OLD_FOREIGN_KEY_CHECKS=@@FOREIGN_KEY_CHECKS, FOREIGN_KEY_CHECKS=0 */;
/*!40101 SET @OLD_SQL_MODE=@@SQL_MODE, SQL_MODE='NO_AUTO_VALUE_ON_ZERO' */;
/*!40111 SET @OLD_SQL_NOTES=@@SQL_NOTES, SQL_NOTES=0 */;
CREATE DATABASE /*!32312 IF NOT EXISTS*/`aqeela_tugas_akhir` /*!40100 DEFAULT CHARACTER SET latin1 */;

USE `aqeela_tugas_akhir`;

/*Table structure for table `data` */

DROP TABLE IF EXISTS `data`;

CREATE TABLE `data` (
  `id` int(11) DEFAULT NULL,
  `diagnosis_id` int(11) DEFAULT NULL,
  `created_at` timestamp NOT NULL DEFAULT CURRENT_TIMESTAMP ON UPDATE CURRENT_TIMESTAMP,
  `updated_at` timestamp NOT NULL DEFAULT '0000-00-00 00:00:00'
) ENGINE=InnoDB DEFAULT CHARSET=latin1;

/*Data for the table `data` */

/*Table structure for table `diagnosis` */

DROP TABLE IF EXISTS `diagnosis`;

CREATE TABLE `diagnosis` (
  `id` int(11) NOT NULL AUTO_INCREMENT,
  `name` varchar(512) DEFAULT NULL,
  `created_at` timestamp NULL DEFAULT NULL,
  `updated_at` timestamp NULL DEFAULT NULL,
  `deleted_at` timestamp NULL DEFAULT NULL,
  PRIMARY KEY (`id`)
) ENGINE=InnoDB AUTO_INCREMENT=22 DEFAULT CHARSET=latin1;

/*Data for the table `diagnosis` */

insert  into `diagnosis`(`id`,`name`,`created_at`,`updated_at`,`deleted_at`) values 
(1,'Furunkel Pada Hidung','2018-02-18 11:18:03','2018-02-18 11:18:03',NULL),
(2,'Rhinitis Akut','2018-02-18 11:18:03','2018-02-18 11:18:03',NULL),
(3,'Rhinitis Vasomotor','2018-02-18 11:18:03','2018-02-18 11:18:03',NULL),
(4,'Rhinitis Alergi','2018-02-18 11:18:03','2018-02-18 11:18:03',NULL),
(5,'Benda Asing di Hidung','2018-02-18 11:18:03','2018-02-18 11:18:03',NULL),
(6,'Influenza','2018-02-18 11:18:03','2018-02-18 11:18:03',NULL),
(7,'Faringitis','2018-02-18 11:18:03','2018-02-18 11:18:03',NULL),
(8,'Tonsilitis','2018-02-18 05:19:06','2018-02-18 05:21:20',NULL),
(9,'Laringitis','2018-02-18 13:04:06','2018-02-18 13:04:06',NULL),
(10,'Asma Bronkial (Asma Stabil)','2018-02-18 13:16:55','2018-02-18 13:16:55',NULL),
(11,'Status Asmatikus (Asma Akut Berat)','2018-02-18 13:24:06','2018-02-18 13:24:06',NULL),
(12,'Pneumonia','2018-02-18 13:28:20','2018-02-18 13:28:20',NULL),
(13,'Bronkopneumonia','2018-02-18 13:32:49','2018-02-18 13:32:49',NULL),
(14,'Pneumotoraks','2018-02-18 13:37:59','2018-02-18 13:37:59',NULL),
(15,'PPOK (Penyakit Paru Obstruktif Kronis)','2018-02-18 13:40:55','2018-02-18 13:40:55',NULL),
(16,'Epistaksis','2018-02-18 13:44:49','2018-02-18 13:44:49',NULL),
(17,'Sinusitis','2018-02-18 13:48:11','2018-02-18 13:48:11',NULL),
(18,'Tuberkulosis','2018-02-18 14:05:39','2018-02-18 14:05:39',NULL),
(19,'Morbili','2018-02-18 14:09:17','2018-02-18 14:09:17',NULL),
(20,'Varisela','2018-02-18 14:20:16','2018-02-18 14:20:16',NULL),
(21,'Malaria','2018-02-18 14:26:50','2018-02-18 14:26:50',NULL);

/*Table structure for table `diagnosis_gejala` */

DROP TABLE IF EXISTS `diagnosis_gejala`;

CREATE TABLE `diagnosis_gejala` (
  `id` int(11) NOT NULL AUTO_INCREMENT,
  `data_id` int(11) DEFAULT NULL,
  `diagnosis_id` int(11) DEFAULT NULL,
  `gejala_id` int(11) DEFAULT NULL,
  `created_at` timestamp NULL DEFAULT NULL,
  `updated_at` timestamp NULL DEFAULT NULL,
  `deleted_at` timestamp NULL DEFAULT NULL,
  PRIMARY KEY (`id`)
) ENGINE=InnoDB AUTO_INCREMENT=204 DEFAULT CHARSET=latin1;

/*Data for the table `diagnosis_gejala` */

insert  into `diagnosis_gejala`(`id`,`data_id`,`diagnosis_id`,`gejala_id`,`created_at`,`updated_at`,`deleted_at`) values 
(1,NULL,1,1,'2018-02-18 11:18:06','2018-02-18 11:18:06',NULL),
(2,NULL,1,2,'2018-02-18 11:18:06','2018-02-18 11:18:06',NULL),
(3,NULL,1,3,'2018-02-18 11:18:06','2018-02-18 11:18:06',NULL),
(4,NULL,1,4,'2018-02-18 11:18:06','2018-02-18 11:18:06',NULL),
(5,NULL,2,5,'2018-02-18 11:18:06','2018-02-18 11:18:06',NULL),
(6,NULL,2,6,'2018-02-18 11:18:06','2018-02-18 11:18:06',NULL),
(7,NULL,2,7,'2018-02-18 11:18:06','2018-02-18 11:18:06',NULL),
(8,NULL,2,8,'2018-02-18 11:18:06','2018-02-18 05:20:48',NULL),
(9,NULL,2,9,'2018-02-18 11:18:06','2018-02-18 11:18:06',NULL),
(10,NULL,2,10,'2018-02-18 11:18:06','2018-02-18 11:18:06',NULL),
(11,NULL,2,11,'2018-02-18 11:18:06','2018-02-18 11:18:06',NULL),
(12,NULL,2,12,'2018-02-18 11:18:06','2018-02-18 11:18:06',NULL),
(13,NULL,2,30,'2018-02-18 11:18:06','2018-02-18 11:18:06',NULL),
(14,NULL,3,6,'2018-02-18 11:18:06','2018-02-18 11:18:06',NULL),
(15,NULL,3,13,'2018-02-18 11:18:06','2018-02-18 11:18:06',NULL),
(16,NULL,3,14,'2018-02-18 11:18:06','2018-02-18 11:18:06',NULL),
(17,NULL,3,9,'2018-02-18 11:18:06','2018-02-18 11:18:06',NULL),
(18,NULL,3,48,'2018-02-18 11:18:06','2018-02-18 11:18:06',NULL),
(19,NULL,3,49,'2018-02-18 11:18:06','2018-02-18 11:18:06',NULL),
(21,NULL,4,5,'2018-02-18 11:18:06','2018-02-18 11:18:06',NULL),
(22,NULL,4,15,'2018-02-18 11:18:06','2018-02-18 11:18:06',NULL),
(23,NULL,4,9,'2018-02-18 11:18:06','2018-02-18 11:18:06',NULL),
(24,NULL,4,16,'2018-02-18 11:18:06','2018-02-18 11:18:06',NULL),
(25,NULL,4,17,'2018-02-18 11:18:06','2018-02-18 11:18:06',NULL),
(26,NULL,4,18,'2018-02-18 11:18:06','2018-02-18 11:18:06',NULL),
(27,NULL,4,19,'2018-02-18 11:18:06','2018-02-18 11:18:06',NULL),
(28,NULL,5,6,'2018-02-18 11:18:06','2018-02-18 11:18:06',NULL),
(29,NULL,5,2,'2018-02-18 11:18:06','2018-02-18 11:18:06',NULL),
(30,NULL,5,20,'2018-02-18 11:18:06','2018-02-18 11:18:06',NULL),
(31,NULL,5,21,'2018-02-18 11:18:06','2018-02-18 11:18:06',NULL),
(32,NULL,6,23,'2018-02-18 11:18:06','2018-02-18 11:18:06',NULL),
(33,NULL,6,24,'2018-02-18 11:18:06','2018-02-18 11:18:06',NULL),
(34,NULL,6,25,'2018-02-18 11:18:06','2018-02-18 11:18:06',NULL),
(35,NULL,6,26,'2018-02-18 11:18:06','2018-02-18 11:18:06',NULL),
(36,NULL,6,27,'2018-02-18 11:18:06','2018-02-18 11:18:06',NULL),
(37,NULL,6,28,'2018-02-18 11:18:06','2018-02-18 11:18:06',NULL),
(38,NULL,6,29,'2018-02-18 11:18:06','2018-02-18 11:18:06',NULL),
(39,NULL,7,24,'2018-02-18 11:18:06','2018-02-18 05:15:50',NULL),
(40,NULL,7,31,'2018-02-18 11:18:06','2018-02-18 11:18:06',NULL),
(41,NULL,7,23,'2018-02-18 11:18:06','2018-02-18 11:18:06',NULL),
(42,NULL,7,5,'2018-02-18 11:18:06','2018-02-18 11:18:06',NULL),
(43,NULL,7,10,'2018-02-18 11:18:06','2018-02-18 11:18:06',NULL),
(44,NULL,7,27,'2018-02-18 11:18:06','2018-02-18 11:18:06',NULL),
(45,NULL,7,32,'2018-02-18 11:18:06','2018-02-18 11:18:06',NULL),
(46,NULL,7,33,'2018-02-18 11:18:06','2018-02-18 11:18:06',NULL),
(47,NULL,7,28,'2018-02-18 11:18:06','2018-02-18 11:18:06',NULL),
(48,NULL,7,34,'2018-02-18 11:18:06','2018-02-18 11:18:06',NULL),
(49,NULL,7,35,'2018-02-18 11:18:06','2018-02-18 11:18:06',NULL),
(50,NULL,7,11,'2018-02-18 11:18:06','2018-02-18 11:18:06',NULL),
(51,NULL,7,37,'2018-02-18 11:18:06','2018-02-18 11:18:06',NULL),
(52,NULL,7,36,'2018-02-18 11:18:06','2018-02-18 11:18:06',NULL),
(53,NULL,7,38,'2018-02-18 11:18:06','2018-02-18 11:18:06',NULL),
(54,NULL,7,39,'2018-02-18 11:18:06','2018-02-18 11:18:06',NULL),
(55,NULL,7,40,'2018-02-18 11:18:06','2018-02-18 11:18:06',NULL),
(56,NULL,4,6,'2018-02-18 11:18:06','2018-02-18 11:18:06',NULL),
(57,NULL,8,24,'2018-02-18 05:29:48','2018-02-18 05:30:01',NULL),
(58,NULL,8,31,'2018-02-18 05:29:57','2018-02-18 05:29:57',NULL),
(59,NULL,8,52,'2018-02-18 05:32:00','2018-02-18 05:32:00',NULL),
(60,NULL,8,23,'2018-02-18 05:32:10','2018-02-18 05:32:10',NULL),
(61,NULL,8,41,'2018-02-18 05:32:17','2018-02-18 05:32:17',NULL),
(62,NULL,8,27,'2018-02-18 05:32:25','2018-02-18 05:32:25',NULL),
(63,NULL,8,28,'2018-02-18 05:32:33','2018-02-18 05:32:33',NULL),
(64,NULL,8,34,'2018-02-18 05:32:41','2018-02-18 05:32:41',NULL),
(65,NULL,8,45,'2018-02-18 05:32:50','2018-02-18 05:32:50',NULL),
(66,NULL,8,43,'2018-02-18 05:32:58','2018-02-18 05:32:58',NULL),
(67,NULL,8,44,'2018-02-18 05:33:05','2018-02-18 05:33:05',NULL),
(68,NULL,8,35,'2018-02-18 05:33:14','2018-02-18 05:33:14',NULL),
(69,NULL,8,11,'2018-02-18 05:33:22','2018-02-18 05:33:22',NULL),
(70,NULL,8,38,'2018-02-18 05:33:34','2018-02-18 05:33:34',NULL),
(71,NULL,8,47,'2018-02-18 05:33:44','2018-02-18 05:33:44',NULL),
(73,NULL,8,46,'2018-02-18 05:34:02','2018-02-18 05:34:02',NULL),
(74,NULL,9,53,'2018-02-18 13:10:22','2018-02-18 13:10:22',NULL),
(75,NULL,9,54,'2018-02-18 13:10:32','2018-02-18 13:10:32',NULL),
(76,NULL,9,55,'2018-02-18 13:10:40','2018-02-18 13:10:40',NULL),
(77,NULL,9,1,'2018-02-18 13:10:49','2018-02-18 13:10:56','2018-02-18 13:10:56'),
(78,NULL,9,1,'2018-02-18 13:11:08','2018-02-18 13:11:13','2018-02-18 13:11:13'),
(79,NULL,9,56,'2018-02-18 13:11:21','2018-02-18 13:11:21',NULL),
(80,NULL,9,24,'2018-02-18 13:12:20','2018-02-18 13:12:20',NULL),
(81,NULL,9,31,'2018-02-18 13:12:32','2018-02-18 13:12:32',NULL),
(82,NULL,9,23,'2018-02-18 13:12:41','2018-02-18 13:12:41',NULL),
(83,NULL,9,57,'2018-02-18 13:12:58','2018-02-18 13:12:58',NULL),
(84,NULL,9,10,'2018-02-18 13:13:16','2018-02-18 13:13:16',NULL),
(85,NULL,9,9,'2018-02-18 13:13:35','2018-02-18 13:13:35',NULL),
(86,NULL,9,6,'2018-02-18 13:13:56','2018-02-18 13:13:56',NULL),
(87,NULL,9,27,'2018-02-18 13:14:15','2018-02-18 13:14:15',NULL),
(88,NULL,9,1,'2018-02-18 13:14:37','2018-02-18 13:14:44','2018-02-18 13:14:44'),
(89,NULL,9,38,'2018-02-18 13:14:56','2018-02-18 13:14:56',NULL),
(90,NULL,9,39,'2018-02-18 13:15:08','2018-02-18 13:15:08',NULL),
(91,NULL,9,11,'2018-02-18 13:15:21','2018-02-18 13:15:21',NULL),
(92,NULL,10,1,'2018-02-18 13:20:24','2018-02-18 13:20:27','2018-02-18 13:20:27'),
(93,NULL,10,60,'2018-02-18 13:20:32','2018-02-18 13:20:32',NULL),
(94,NULL,10,56,'2018-02-18 13:20:38','2018-02-18 13:20:38',NULL),
(95,NULL,10,59,'2018-02-18 13:20:50','2018-02-18 13:20:50',NULL),
(96,NULL,10,61,'2018-02-18 13:20:57','2018-02-18 13:20:57',NULL),
(97,NULL,10,62,'2018-02-18 13:21:08','2018-02-18 13:21:08',NULL),
(98,NULL,10,63,'2018-02-18 13:22:20','2018-02-18 13:22:20',NULL),
(99,NULL,11,56,'2018-02-18 13:24:25','2018-02-18 13:24:25',NULL),
(100,NULL,11,59,'2018-02-18 13:24:43','2018-02-18 13:24:43',NULL),
(101,NULL,11,10,'2018-02-18 13:24:54','2018-02-18 13:24:54',NULL),
(102,NULL,11,60,'2018-02-18 13:25:01','2018-02-18 13:25:01',NULL),
(103,NULL,11,61,'2018-02-18 13:25:09','2018-02-18 13:25:09',NULL),
(104,NULL,11,1,'2018-02-18 13:25:53','2018-02-18 13:25:57','2018-02-18 13:25:57'),
(105,NULL,11,64,'2018-02-18 13:26:15','2018-02-18 13:26:15',NULL),
(106,NULL,12,10,'2018-02-18 13:28:34','2018-02-18 13:28:34',NULL),
(107,NULL,12,23,'2018-02-18 13:29:06','2018-02-18 13:29:06',NULL),
(108,NULL,12,41,'2018-02-18 13:29:23','2018-02-18 13:29:23',NULL),
(109,NULL,12,65,'2018-02-18 13:29:37','2018-02-18 13:29:37',NULL),
(110,NULL,12,56,'2018-02-18 13:30:12','2018-02-18 13:30:12',NULL),
(111,NULL,12,66,'2018-02-18 13:30:18','2018-02-18 13:30:18',NULL),
(112,NULL,12,67,'2018-02-18 13:30:27','2018-02-18 13:30:27',NULL),
(113,NULL,12,68,'2018-02-18 13:30:50','2018-02-18 13:30:50',NULL),
(114,NULL,12,64,'2018-02-18 13:31:19','2018-02-18 13:31:19',NULL),
(115,NULL,12,48,'2018-02-18 13:31:42','2018-02-18 13:31:42',NULL),
(116,NULL,13,35,'2018-02-18 13:32:57','2018-02-18 13:32:57',NULL),
(117,NULL,13,23,'2018-02-18 13:33:25','2018-02-18 13:33:25',NULL),
(118,NULL,13,27,'2018-02-18 13:33:32','2018-02-18 13:33:32',NULL),
(119,NULL,13,28,'2018-02-18 13:34:00','2018-02-18 13:34:00',NULL),
(120,NULL,13,32,'2018-02-18 13:34:17','2018-02-18 13:34:17',NULL),
(121,NULL,13,69,'2018-02-18 13:34:35','2018-02-18 13:34:35',NULL),
(122,NULL,13,34,'2018-02-18 13:34:46','2018-02-18 13:34:46',NULL),
(123,NULL,13,33,'2018-02-18 13:35:05','2018-02-18 13:35:05',NULL),
(124,NULL,13,70,'2018-02-18 13:35:10','2018-02-18 13:35:10',NULL),
(125,NULL,13,71,'2018-02-18 13:35:47','2018-02-18 13:35:47',NULL),
(126,NULL,13,1,'2018-02-18 13:36:21','2018-02-18 13:36:27','2018-02-18 13:36:27'),
(127,NULL,13,56,'2018-02-18 13:36:41','2018-02-18 13:36:41',NULL),
(128,NULL,14,38,'2018-02-18 13:38:24','2018-02-18 13:38:24',NULL),
(129,NULL,14,68,'2018-02-18 13:38:36','2018-02-18 13:38:36',NULL),
(130,NULL,14,56,'2018-02-18 13:38:46','2018-02-18 13:38:46',NULL),
(131,NULL,14,72,'2018-02-18 13:39:33','2018-02-18 13:39:33',NULL),
(132,NULL,14,73,'2018-02-18 13:39:37','2018-02-18 13:39:37',NULL),
(133,NULL,14,74,'2018-02-18 13:40:18','2018-02-18 13:40:18',NULL),
(134,NULL,14,75,'2018-02-18 13:40:23','2018-02-18 13:40:23',NULL),
(135,NULL,15,56,'2018-02-18 13:41:04','2018-02-18 13:41:04',NULL),
(136,NULL,15,60,'2018-02-18 13:41:10','2018-02-18 13:41:10',NULL),
(137,NULL,15,10,'2018-02-18 13:41:36','2018-02-18 13:41:36',NULL),
(138,NULL,15,57,'2018-02-18 13:41:54','2018-02-18 13:41:54',NULL),
(139,NULL,15,66,'2018-02-18 13:41:59','2018-02-18 13:41:59',NULL),
(140,NULL,15,61,'2018-02-18 13:42:11','2018-02-18 13:42:11',NULL),
(141,NULL,15,38,'2018-02-18 13:42:22','2018-02-18 13:42:22',NULL),
(142,NULL,15,76,'2018-02-18 13:42:46','2018-02-18 13:42:46',NULL),
(143,NULL,15,12,'2018-02-18 13:42:59','2018-02-18 13:42:59',NULL),
(144,NULL,15,77,'2018-02-18 13:43:21','2018-02-18 13:43:21',NULL),
(145,NULL,15,64,'2018-02-18 13:44:24','2018-02-18 13:44:24',NULL),
(146,NULL,16,22,'2018-02-18 13:45:50','2018-02-18 13:45:50',NULL),
(147,NULL,16,35,'2018-02-18 13:46:46','2018-02-18 13:46:46',NULL),
(148,NULL,17,80,'2018-02-18 13:51:02','2018-02-18 13:51:02',NULL),
(149,NULL,17,5,'2018-02-18 13:51:15','2018-02-18 13:51:15',NULL),
(150,NULL,17,79,'2018-02-18 13:51:24','2018-02-18 13:51:24',NULL),
(151,NULL,17,82,'2018-02-18 13:51:33','2018-02-18 13:51:33',NULL),
(152,NULL,17,81,'2018-02-18 13:51:42','2018-02-18 13:51:42',NULL),
(153,NULL,17,6,'2018-02-18 13:51:55','2018-02-18 13:51:55',NULL),
(154,NULL,17,83,'2018-02-18 13:52:03','2018-02-18 13:52:03',NULL),
(155,NULL,17,84,'2018-02-18 13:52:15','2018-02-18 13:52:15',NULL),
(156,NULL,17,10,'2018-02-18 13:52:25','2018-02-18 13:52:25',NULL),
(157,NULL,17,28,'2018-02-18 13:52:44','2018-02-18 13:52:44',NULL),
(158,NULL,18,68,'2018-02-18 14:05:46','2018-02-18 14:05:46',NULL),
(159,NULL,18,56,'2018-02-18 14:05:52','2018-02-18 14:05:52',NULL),
(160,NULL,18,23,'2018-02-18 14:06:02','2018-02-18 14:06:02',NULL),
(161,NULL,18,10,'2018-02-18 14:06:08','2018-02-18 14:06:08',NULL),
(162,NULL,18,1,'2018-02-18 14:06:15','2018-02-18 14:06:25','2018-02-18 14:06:25'),
(163,NULL,18,85,'2018-02-18 14:06:36','2018-02-18 14:06:36',NULL),
(164,NULL,18,34,'2018-02-18 14:06:45','2018-02-18 14:06:45',NULL),
(165,NULL,18,86,'2018-02-18 14:06:53','2018-02-18 14:06:53',NULL),
(166,NULL,18,87,'2018-02-18 14:07:05','2018-02-18 14:07:05',NULL),
(167,NULL,18,88,'2018-02-18 14:07:11','2018-02-18 14:07:11',NULL),
(168,NULL,18,89,'2018-02-18 14:08:32','2018-02-18 14:08:32',NULL),
(169,NULL,19,23,'2018-02-18 14:17:13','2018-02-18 14:17:13',NULL),
(170,NULL,19,28,'2018-02-18 14:17:28','2018-02-18 14:17:28',NULL),
(171,NULL,19,5,'2018-02-18 14:17:40','2018-02-18 14:17:40',NULL),
(172,NULL,19,5,'2018-02-18 14:17:40','2018-02-18 14:17:44','2018-02-18 14:17:44'),
(173,NULL,19,10,'2018-02-18 14:17:54','2018-02-18 14:17:54',NULL),
(174,NULL,19,90,'2018-02-18 14:18:33','2018-02-18 14:18:33',NULL),
(175,NULL,20,23,'2018-02-18 14:25:16','2018-02-18 14:25:16',NULL),
(176,NULL,20,28,'2018-02-18 14:25:25','2018-02-18 14:25:25',NULL),
(177,NULL,20,27,'2018-02-18 14:25:37','2018-02-18 14:25:37',NULL),
(178,NULL,20,91,'2018-02-18 14:25:50','2018-02-18 14:25:50',NULL),
(179,NULL,20,92,'2018-02-18 14:26:02','2018-02-18 14:26:02',NULL),
(180,NULL,20,93,'2018-02-18 14:26:09','2018-02-18 14:26:09',NULL),
(181,NULL,20,35,'2018-02-18 14:26:20','2018-02-18 14:26:20',NULL),
(182,NULL,20,94,'2018-02-18 14:26:27','2018-02-18 14:26:27',NULL),
(183,NULL,21,23,'2018-02-18 14:31:37','2018-02-18 14:31:37',NULL),
(184,NULL,21,41,'2018-02-18 14:31:49','2018-02-18 14:31:49',NULL),
(185,NULL,21,65,'2018-02-18 14:31:59','2018-02-18 14:31:59',NULL),
(186,NULL,21,95,'2018-02-18 14:32:05','2018-02-18 14:32:05',NULL),
(187,NULL,21,96,'2018-02-18 14:32:59','2018-02-18 14:32:59',NULL),
(188,NULL,21,106,'2018-02-18 14:33:15','2018-02-18 14:33:15',NULL),
(189,NULL,21,27,'2018-02-18 14:33:30','2018-02-18 14:33:30',NULL),
(190,NULL,21,97,'2018-02-18 14:33:46','2018-02-18 14:33:46',NULL),
(191,NULL,21,25,'2018-02-18 14:35:52','2018-02-18 14:35:52',NULL),
(192,NULL,21,34,'2018-02-18 14:36:00','2018-02-18 14:36:00',NULL),
(193,NULL,21,32,'2018-02-18 14:36:24','2018-02-18 14:36:24',NULL),
(194,NULL,21,70,'2018-02-18 14:36:31','2018-02-18 14:36:31',NULL),
(195,NULL,21,107,'2018-02-18 14:37:15','2018-02-18 14:37:15',NULL),
(196,NULL,21,99,'2018-02-18 14:37:20','2018-02-18 14:37:20',NULL),
(197,NULL,21,100,'2018-02-18 14:37:26','2018-02-18 14:37:26',NULL),
(198,NULL,21,101,'2018-02-18 14:37:33','2018-02-18 14:37:33',NULL),
(199,NULL,21,102,'2018-02-18 14:37:40','2018-02-18 14:37:40',NULL),
(200,NULL,21,104,'2018-02-18 14:37:56','2018-02-18 14:37:56',NULL),
(201,NULL,21,105,'2018-02-18 14:38:03','2018-02-18 14:38:03',NULL),
(202,NULL,21,103,'2018-02-18 14:38:16','2018-02-18 14:38:16',NULL),
(203,NULL,21,71,'2018-02-18 14:38:26','2018-02-18 14:38:26',NULL);

/*Table structure for table `gejala` */

DROP TABLE IF EXISTS `gejala`;

CREATE TABLE `gejala` (
  `id` int(11) NOT NULL AUTO_INCREMENT,
  `name` varchar(512) DEFAULT NULL,
  `created_at` timestamp NULL DEFAULT NULL,
  `updated_at` timestamp NULL DEFAULT NULL,
  `deleted_at` timestamp NULL DEFAULT NULL,
  PRIMARY KEY (`id`)
) ENGINE=InnoDB AUTO_INCREMENT=108 DEFAULT CHARSET=latin1;

/*Data for the table `gejala` */

insert  into `gejala`(`id`,`name`,`created_at`,`updated_at`,`deleted_at`) values 
(1,'Bisul di dalam hidung','2018-02-18 11:17:57','2018-02-18 04:52:28',NULL),
(2,'Hidung nyeri','2018-02-18 11:17:57','2018-02-18 11:17:57',NULL),
(3,'Hidung tidak nyaman','2018-02-18 11:17:57','2018-02-18 11:17:57',NULL),
(4,'Mengorek hidung','2018-02-18 11:17:57','2018-02-18 11:17:57',NULL),
(5,'Hidung mengeluarkan ingus','2018-02-18 11:17:57','2018-02-18 11:17:57',NULL),
(6,'Hidung tersumbat','2018-02-18 11:17:57','2018-02-18 11:17:57',NULL),
(7,'Hidung panas','2018-02-18 11:17:57','2018-02-18 11:17:57',NULL),
(8,'Hidung gatal','2018-02-18 11:17:57','2018-02-18 11:17:57',NULL),
(9,'Bersin','2018-02-18 11:17:57','2018-02-18 11:17:57',NULL),
(10,'Batuk','2018-02-18 11:17:57','2018-02-18 11:17:57',NULL),
(11,'Daya tahan tubuh menurun','2018-02-18 11:17:57','2018-02-18 11:17:57',NULL),
(12,'Terpapar debu asap dan gas','2018-02-18 11:17:57','2018-02-18 11:17:57',NULL),
(13,'Hidung tersumbat bergantian','2018-02-18 11:17:57','2018-02-18 11:17:57',NULL),
(14,'Hidung mengeluarkan rinore','2018-02-18 11:17:57','2018-02-18 11:17:57',NULL),
(15,'Hidung mengeluarkan ingus encer','2018-02-18 11:17:57','2018-02-18 11:17:57',NULL),
(16,'Bersin sering di pagi hari','2018-02-18 11:17:57','2018-02-18 11:17:57',NULL),
(17,'Bersin hingga 5x','2018-02-18 11:17:57','2018-02-18 11:17:57',NULL),
(18,'Mata gatal','2018-02-18 11:17:57','2018-02-18 11:17:57',NULL),
(19,'Mata mengeluarkan banyak air mata','2018-02-18 11:17:57','2018-02-18 11:17:57',NULL),
(20,'Hidung terasa bergerak gerak','2018-02-18 11:17:57','2018-02-18 11:17:57',NULL),
(21,'Adanya laporan benda masuk','2018-02-18 11:17:57','2018-02-18 11:17:57',NULL),
(22,'Hidung mengeluarkan darah','2018-02-18 11:17:57','2018-02-18 11:17:57',NULL),
(23,'Demam','2018-02-18 11:17:57','2018-02-18 11:17:57',NULL),
(24,'Tenggorokan Sakit/Nyeri','2018-02-18 11:17:57','2018-02-18 11:17:57',NULL),
(25,'Sendi nyeri','2018-02-18 11:17:57','2018-02-18 11:17:57',NULL),
(26,'Badan nyeri','2018-02-18 11:17:57','2018-02-18 11:17:57',NULL),
(27,'Kepala sakit/nyeri','2018-02-18 11:17:57','2018-02-18 11:17:57',NULL),
(28,'Badan lemas/lemah','2018-02-18 11:17:57','2018-02-18 11:17:57',NULL),
(29,'Penyakit diderita < 3 hari','2018-02-18 11:17:57','2018-02-18 11:17:57',NULL),
(30,'Penyakit diderita > 12 minggu','2018-02-18 11:17:57','2018-02-18 11:17:57',NULL),
(31,'Tenggorokan Sakit/Nyeri saat menelan','2018-02-18 11:17:57','2018-02-18 11:17:57',NULL),
(32,'Mual','2018-02-18 11:17:57','2018-02-18 11:17:57',NULL),
(33,'Muntah','2018-02-18 11:17:57','2018-02-18 11:17:57',NULL),
(34,'Nafsu makan berkurang','2018-02-18 11:17:57','2018-02-18 11:17:57',NULL),
(35,'Usia anak anak','2018-02-18 11:17:57','2018-02-18 11:17:57',NULL),
(36,'Terpapar udara dingin','2018-02-18 11:17:57','2018-02-18 11:17:57',NULL),
(37,'Gizi kekurangan','2018-02-18 11:17:57','2018-02-18 11:17:57',NULL),
(38,'Merokok','2018-02-18 11:17:57','2018-02-18 11:17:57',NULL),
(39,'Alkohol','2018-02-18 11:17:57','2018-02-18 11:17:57',NULL),
(40,'Asam lambung','2018-02-18 11:17:57','2018-02-18 11:17:57',NULL),
(41,'Demam tinggi','2018-02-18 11:17:57','2018-02-18 11:17:57',NULL),
(42,'Telinga nyeri','2018-02-18 11:17:57','2018-02-18 11:17:57',NULL),
(43,'Mulut bau','2018-02-18 11:17:57','2018-02-18 11:17:57',NULL),
(44,'Ludah menumpuk','2018-02-18 11:17:57','2018-02-18 11:17:57',NULL),
(45,'Suara terdengar seperti orang yang mulutnya terisi makanan panas','2018-02-18 11:17:57','2018-02-18 11:17:57',NULL),
(46,'Memiliki riwayat alergi','2018-02-18 11:17:57','2018-02-18 11:17:57',NULL),
(47,'Mulut tidak higienis','2018-02-18 11:17:57','2018-02-18 11:17:57',NULL),
(48,'Usia Dewasa','2018-02-18 11:17:57','2018-02-18 11:17:57',NULL),
(49,'Wanita','2018-02-18 11:17:57','2018-02-18 11:17:57',NULL),
(52,'Tenggorokan Kering','2018-02-18 05:30:47','2018-02-18 05:30:47',NULL),
(53,'Suara serak','2018-02-18 13:04:45','2018-02-18 13:04:45',NULL),
(54,'Suara hilang','2018-02-18 13:05:05','2018-02-18 13:05:05',NULL),
(55,'Suara parau','2018-02-18 13:06:20','2018-02-18 13:06:20',NULL),
(56,'Sesak nafas','2018-02-18 13:07:02','2018-02-18 13:07:02',NULL),
(57,'Batuk kering','2018-02-18 13:07:24','2018-02-18 13:07:24',NULL),
(58,'Waktu < 3 minggu','2018-02-18 13:08:43','2018-02-18 13:08:43',NULL),
(59,'Sesak dada','2018-02-18 13:19:35','2018-02-18 13:19:35',NULL),
(60,'Mengi','2018-02-18 13:19:41','2018-02-18 13:19:41',NULL),
(61,'Dada terasa berat','2018-02-18 13:19:54','2018-02-18 13:19:54',NULL),
(62,'Gejala memburuk di malam atau pagi dini hari','2018-02-18 13:20:06','2018-02-18 13:20:06',NULL),
(63,'Gejala dipicu oleh infeksi virus, latihan, pajanan allergen, perubahan cuaca, tertawa atau iritan seperti asap kendaraan, rokok atau bau yang sangat tajam','2018-02-18 13:21:58','2018-02-18 13:21:58',NULL),
(64,'Gejala semakin memburuk','2018-02-18 13:25:26','2018-02-18 13:25:26',NULL),
(65,'Menggigil','2018-02-18 13:29:18','2018-02-18 13:29:18',NULL),
(66,'Batuk berdahak','2018-02-18 13:29:56','2018-02-18 13:29:56',NULL),
(67,'Batuk berdarah','2018-02-18 13:30:05','2018-02-18 13:30:05',NULL),
(68,'Dada nyeri','2018-02-18 13:30:44','2018-02-18 13:30:44',NULL),
(69,'Gelisah','2018-02-18 13:34:09','2018-02-18 13:34:09',NULL),
(70,'Diare','2018-02-18 13:34:55','2018-02-18 13:34:55',NULL),
(71,'takipnea','2018-02-18 13:35:35','2018-02-18 13:35:35',NULL),
(72,'Dada semakin nyeri jika menarik napas dalam','2018-02-18 13:39:14','2018-02-18 13:39:14',NULL),
(73,'Dada semakin nyeri jika batuk','2018-02-18 13:39:19','2018-02-18 13:39:19',NULL),
(74,'Riwayat tuberkulosis','2018-02-18 13:39:52','2018-02-18 13:39:52',NULL),
(75,'Riwayat pneumonia','2018-02-18 13:39:58','2018-02-18 13:39:58',NULL),
(76,'Terpapar Polusi Udara','2018-02-18 13:42:37','2018-02-18 13:42:37',NULL),
(77,'Riwayat Keluarga','2018-02-18 13:43:09','2018-02-18 13:43:09',NULL),
(78,'Hidung mengeluarkan darah','2018-02-18 13:45:07','2018-02-18 13:45:07',NULL),
(79,'Hidung mengeluarkan ingus kental','2018-02-18 13:48:34','2018-02-18 13:48:34',NULL),
(80,'Rongga hidung mengeluarkan bau busuk','2018-02-18 13:48:46','2018-02-18 13:48:46',NULL),
(81,'Wajah nyeri','2018-02-18 13:49:06','2018-02-18 13:49:06',NULL),
(82,'Gigi sakit','2018-02-18 13:49:32','2018-02-18 13:49:32',NULL),
(83,'Berkurangnya kemampuan untuk mencium bau (hiposmia)','2018-02-18 13:50:37','2018-02-18 13:50:37',NULL),
(84,'Hilangnya kemampuan untuk mencium bau (anosmia)','2018-02-18 13:50:45','2018-02-18 13:50:45',NULL),
(85,'Batuk lebih dari 2 minggu','2018-02-18 14:04:53','2018-02-18 14:04:53',NULL),
(86,'Penurunan berat badan','2018-02-18 14:05:08','2018-02-18 14:05:08',NULL),
(87,'Keringat malam','2018-02-18 14:05:18','2018-02-18 14:05:18',NULL),
(88,'Mudah lelah','2018-02-18 14:05:30','2018-02-18 14:05:30',NULL),
(89,'Orang di sekitar ada yang menderita TB','2018-02-18 14:08:22','2018-02-18 14:08:22',NULL),
(90,'Belum mendapat imunisasi campak','2018-02-18 14:18:26','2018-02-18 14:18:26',NULL),
(91,'Lesi Kulit','2018-02-18 14:20:24','2018-02-18 14:20:24',NULL),
(92,'Kulit Gatal','2018-02-18 14:20:45','2018-02-18 14:23:49',NULL),
(93,'Timbul Vesikel','2018-02-18 14:22:08','2018-02-18 14:24:08',NULL),
(94,'Kontak dengan penderita varisela','2018-02-18 14:24:38','2018-02-18 14:24:38',NULL),
(95,'Anemia','2018-02-18 14:29:07','2018-02-18 14:29:07',NULL),
(96,'Pembesaran limpa','2018-02-18 14:29:14','2018-02-18 14:29:14',NULL),
(97,'Otot nyeri','2018-02-18 14:29:25','2018-02-18 14:29:25',NULL),
(99,'Riwayat Malaria','2018-02-18 14:29:39','2018-02-18 14:29:39',NULL),
(100,'Berkunjung ke daerah endemik malaria','2018-02-18 14:29:54','2018-02-18 14:29:54',NULL),
(101,'Riwayat mendapat transfusi darah','2018-02-18 14:30:07','2018-02-18 14:30:07',NULL),
(102,'Kulit terlihat memerah','2018-02-18 14:30:23','2018-02-18 14:30:23',NULL),
(103,'Kulit kering','2018-02-18 14:30:30','2018-02-18 14:30:30',NULL),
(104,'Wajah pucat','2018-02-18 14:30:38','2018-02-18 14:30:38',NULL),
(105,'Nadi cepat','2018-02-18 14:30:48','2018-02-18 14:30:48',NULL),
(106,'Berkeringat','2018-02-18 14:31:06','2018-02-18 14:31:06',NULL),
(107,'Sakit perut','2018-02-18 14:36:54','2018-02-18 14:36:54',NULL);

/*!40101 SET SQL_MODE=@OLD_SQL_MODE */;
/*!40014 SET FOREIGN_KEY_CHECKS=@OLD_FOREIGN_KEY_CHECKS */;
/*!40014 SET UNIQUE_CHECKS=@OLD_UNIQUE_CHECKS */;
/*!40111 SET SQL_NOTES=@OLD_SQL_NOTES */;
